Videos_url,Videos_ID,Videos_Thumbnail
https://www.youtube.com/watch?v=dH-oLVA3kLY,dH-oLVA3kLY,https://i.ytimg.com/vi/dH-oLVA3kLY/hqdefault.jpg
https://www.youtube.com/watch?v=EYvaau6Hn0s,EYvaau6Hn0s,https://i.ytimg.com/vi/EYvaau6Hn0s/hqdefault.jpg
https://www.youtube.com/watch?v=SwXQOrXVeok,SwXQOrXVeok,https://i.ytimg.com/vi/SwXQOrXVeok/hqdefault.jpg
https://www.youtube.com/watch?v=UlUGuk5lBcc,UlUGuk5lBcc,https://i.ytimg.com/vi/UlUGuk5lBcc/hqdefault.jpg
https://www.youtube.com/watch?v=t6qiCns8fkg,t6qiCns8fkg,https://i.ytimg.com/vi/t6qiCns8fkg/hqdefault.jpg
